{
	"0.0": 0.7080734182735711,
	"0.1": 0.7942505586276729,
	"0.2": 0.8686968577706227,
	"0.30000000000000004": 0.9284443766844737,
	"0.4": 0.971111170334329,
	"0.5": 0.9949962483002227,
	"0.6": 0.9991473878973766,
	"0.7": 0.9833990962897305,
	"0.7999999999999999": 0.9483792081670736,
	"0.8999999999999999": 0.8954838559572084,
	"0.9999999999999999": 0.8268218104318059
}