{"0": 0.7080734182735711, "1": 0.8268218104318059, "2": 0.019914856674817072, "3": 0.5727500169043067, "4": 0.9195357645382263, "5": 0.0780730206337541, "6": 0.43163139089608327, "7": 0.9788297401616923, "8": 0.16984164587796002, "9": 0.295958969093304, "10": 0.9999804131973186}