{"0": 0.7080734182735711, "1": 0.8268218104318059, "2": 0.019914856674817072, "3": 0.5727500169043067, "4": 0.9195357645382263, "5": 0.0780730206337541, "6": 0.43163139089608327, "7": 0.9788297401616923, "8": 0.16984164587796002, "9": 0.295958969093304, "10": 0.9999804131973186, "11": 0.28791049633150145, "12": 0.17654033883567988, "13": 0.9813029331567833, "14": 0.4228742750562079, "15": 0.08288831974674482, "16": 0.9242851373923026, "17": 0.5639818448137023, "18": 0.022463177976352666, "19": 0.833469030826131, "20": 0.6999926574941757, "21": 7.834567615438992e-05, "22": 0.7160889724423891, "23": 0.8200721697345998, "24": 0.017516985753943337, "25": 0.5814953903978527, "26": 0.914654916431575, "27": 0.07338994613870797, "28": 0.4404099322755902, "29": 0.9762064902075781, "30": 0.1632464188382069, "31": 0.304071384785225, "32": 0.999823727983175, "33": 0.2799284887519796, "34": 0.18334039845685013, "35": 0.9836252941369412, "36": 0.4141413290846112, "37": 0.08783433444622102, "38": 0.9289015466224939, "39": 0.5551936219195237, "40": 0.025161151058728404, "41": 0.8400117477936694, "42": 0.6918492224748709, "43": 0.0003133581524377149, "44": 0.724036808064585, "45": 0.8132222239551695, "46": 0.015270316665006112, "47": 0.5902152246455421, "48": 0.9096441226457296, "49": 0.06884056385615789, "50": 0.4492071481516893, "51": 0.9734340053756063, "52": 0.1567567245465079, "53": 0.3122452011164939, "54": 0.999510406657324, "55": 0.272015447777862, "56": 0.19023969372039518, "57": 0.985796095314401, "58": 0.4054352897355208, "59": 0.09290951473671905, "60": 0.93338354552599, "61": 0.5463881022988305, "62": 0.028007930423842975, "63": 0.8464479109600825, "64": 0.6836456652273482, "65": 0.0007049637800043973, "66": 0.7319144344259358, "67": 0.8062741197480499, "68": 0.01317555347524102, "69": 0.5989067870021341, "70": 0.9045049534767988, "71": 0.06442629948382839, "72": 0.4580202816290758, "73": 0.9705131545145719, "74": 0.15037459676081244, "75": 0.32047785655444205, "76": 0.9990405474092501, "77": 0.26417385321933073, "78": 0.19723606250650516, "79": 0.9878146563976187, "80": 0.3967588853310944, "81": 0.09811227014451307, "82": 0.9377297295218525, "83": 0.5375680454491767, "84": 0.031002623940279417, "85": 0.8527755033431499, "86": 0.6753845566045653, "87": 0.001253039836423886, "88": 0.7397193828145863, "89": 0.7992300345289292, "90": 0.011233352647201711, "91": 0.6075673536823105, "92": 0.8992390194515162, "93": 0.06014853637582662, "94": 0.4668465708241444, "95": 0.9674448529686176, "96": 0.144102035529587, "97": 0.3287667711272416, "98": 0.9984142974847153, "99": 0.25640616249649717, "100": 0.20432731227420742}